,name,date of birth,height,foot,joined,contract until,position
0,Filip Bednarek,"Sep 26, 1992",1.8,right,"Jul 1, 2020","Jun 30, 2025",Goalkeeper
1,Dominik Holec,"Jul 28, 1994",1.9,right,"Jan 3, 2023","Jun 30, 2023",Goalkeeper
2,Artur Rudko,"May 7, 1992",1.9,right,"Jul 2, 2022","Jun 30, 2023",Goalkeeper
3,Antonio Milic,"Mar 10, 1994",1.9,left,"Jan 10, 2021","Jun 30, 2026",Centre-Back
4,Filip Dagerstal,"Feb 1, 1997",1.8,right,"Jul 26, 2022","Jun 30, 2023",Centre-Back
5,Lubomir Satka ,"Dec 2, 1995",1.8,right,"Jul 19, 2019","Jun 30, 2023", Centre-Back
6,Bartosz Salamon,"May 1, 1991",1.9,right,"Jan 9, 2021","Jun 30, 2024",Centre-Back
7,Michał Gurgul,"Jan 30, 2006",,left,"Jan 24, 2023","Jun 30, 2024",Centre-Back
8,Pedro Rebocho,"Jan 23, 1995",1.7,left,"Aug 23, 2021","Jun 30, 2023",Left-Back
9,Barry Douglas,"Sep 4, 1989",1.7,left,"Jul 10, 2021","Jun 30, 2023",Left-Back
10,Joel Pereira,"Sep 28, 1996",1.7,right,"Jul 1, 2021","Jun 30, 2025",Right-Back
11,Mateusz Zukowski,"Nov 23, 2001",1.8,right,"Aug 30, 2022","Jun 30, 2023",Right-Back
12,Alan Czerwinski,"Feb 2, 1993",1.8,right,"Aug 1, 2020","Jun 30, 2025",Right-Back
13,Jesper Karlström,"Jun 21, 1995",1.8,right,"Jan 1, 2021","Jun 30, 2026",Defensive Midfield
14,Nika Kvekveskiri,"May 29, 1992",1.8,right,"Jan 29, 2021","Jun 30, 2025",Defensive Midfield
15,Radoslaw Murawski,"Apr 22, 1994",1.7,right,"Jul 1, 2021","Jun 30, 2024",Central Midfield
16,Afonso Sousa,"May 3, 2000",1.7,right,"Jul 1, 2022","Jun 30, 2026",Attacking Midfield
17,João Amaral,"Sep 7, 1991",1.7,both,"Jul 21, 2018","Jun 30, 2024",Attacking Midfield
18,Filip Marchwinski,"Jan 10, 2002",1.8,both,"Dec 12, 2018","Jun 30, 2024",Attacking Midfield
19,Maksym Czekala,"Mar 5, 2004",1.8,left,"May 13, 2022","Dec 31, 2023",Attacking Midfield
20,Michal Skoras,"Feb 15, 2000",1.7,right,"Jul 1, 2019","Jun 30, 2026",Left Winger
21,Kristoffer Velde,"Sep 9, 1999",1.7,right,"Jan 12, 2022","Dec 31, 2025",Left Winger
22,Jakub Antczak,"Apr 29, 2004",1.6,right,"Feb 1, 2022","Jun 30, 2024",Left Winger
23,Georgiy Tsitaishvili,"Nov 18, 2000",1.7,left,"Jul 1, 2022","Jun 30, 2023",Right Winger
24,Adriel Ba Loua,"Jul 25, 1996",1.7,left,"Aug 27, 2021","Jun 30, 2025",Right Winger
25,Mikael Ishak,"Mar 31, 1993",1.8,both,"Jul 20, 2020","Jun 30, 2025",Centre-Forward
26,Filip Szymczak,"May 6, 2002",1.8,both,"May 1, 2019","Jun 30, 2025",Centre-Forward
27,Artur Sobiech,"Jun 12, 1990",1.8,right,"Jul 1, 2021","Jun 30, 2023",Centre-Forward
28,Norbert Paclawski,"Feb 19, 2004",1.8,right,"Jan 27, 2021","Jun 30, 2023",Centre-Forward
29,Vladan Kovacevic,"Apr 11, 1998",,right,"Jul 1, 2021","Jun 30, 2026",Goalkeeper
30,Kacper Trelowski,"Aug 19, 2003",1.9,both,"Aug 23, 2019","Jun 30, 2025",Goalkeeper
31,Jakub Rajczykowski,"Feb 4, 2005",, ,"Jul 21, 2022","Jun 30, 2025",Goalkeeper
32,Stratos Svarnas,"Nov 11, 1997",1.8,right,"Jul 1, 2022","Jun 30, 2023",Centre-Back
33,Zoran Arsenic,"Jun 2, 1994",1.8,right,"Jul 1, 2021","Jun 30, 2026",Centre-Back
34,Adrian Gryszkiewicz,"Dec 13, 1999",1.8,left,"Jan 10, 2023","Jun 30, 2026",Centre-Back
35,Bogdan Racovitan,"Jun 6, 2000",1.8, ,"Jan 27, 2022","Jun 30, 2025",Centre-Back
36,Tomas Petrasek,"Mar 2, 1992",1.9,right,"Jul 1, 2016","Jun 30, 2023",Centre-Back
37,Milan Rundic,"Mar 29, 1992",1.8,left,"Jul 1, 2021","Jun 30, 2023",Centre-Back
38,Giannis Papanikolaou ,"Nov 18, 1998",1.8,left,"Aug 11, 2020","Jun 30, 2025", Defensive Midfield
39,Ben Lederman,"May 8, 2000",1.7,left,"Feb 25, 2020","Jun 30, 2025",Central Midfield
40,Gustav Berggren,"Sep 7, 1997",1.8,right,"Jul 29, 2022","Jun 30, 2025",Central Midfield
41,Szymon Czyz ,"Jul 8, 2001",1.7,right,"Jan 10, 2022","Jun 30, 2025", Central Midfield
42,Olivier Sukiennicki,"May 25, 2003",,right,"Jan 26, 2023",-,Central Midfield
43,Fran Tudor,"Sep 27, 1995",1.7,right,"Jan 1, 2020","Jun 30, 2027",Right Midfield
44,Jean Carlos Silva,"May 10, 1996",1.8,right,"Jan 1, 2023","Jun 30, 2026",Right Midfield
45,Wiktor Dlugosz,"Jul 1, 2000",1.8,right,"Feb 4, 2021","Jun 30, 2025",Right Midfield
46,Patryk Kun,"Apr 20, 1995",1.6,both,"Jul 1, 2018","Jun 30, 2023",Left Midfield
47,Ivi López,"Jun 29, 1994",1.7,right,"Sep 1, 2020","Jun 30, 2026",Attacking Midfield
48,Bartosz Nowak,"Aug 25, 1993",1.8,right,"Aug 3, 2022","Jun 30, 2025",Attacking Midfield
49,Vladyslav Kochergin,"Apr 30, 1996",1.7,right,"Mar 26, 2022","Jun 30, 2025",Attacking Midfield
50,Mateusz Wdowiak,"Aug 28, 1996",1.7,right,"Feb 15, 2021","Dec 31, 2024",Attacking Midfield
51,Marcin Cebula,"Dec 6, 1995",1.7,both,"Aug 1, 2020","Jun 30, 2023",Attacking Midfield
52,Vladislavs Gutkovskis,"Apr 2, 1995",1.8, ,"Jul 1, 2020","Jun 30, 2025",Centre-Forward
53,Fabian Piasecki ,"May 4, 1995",1.8,right,"Jul 1, 2022","Jun 30, 2026", Centre-Forward
54,Sebastian Musiolik,"May 19, 1996",1.9,left,"Jul 1, 2018","Jun 30, 2023",Centre-Forward
55,Dante Stipica,"May 30, 1991",1.8, ,"Jul 1, 2019","Jun 30, 2026",Goalkeeper
56,Bartosz Klebaniuk,"Apr 3, 2002",1.9,both,"Jul 1, 2021","Jun 30, 2025",Goalkeeper
57,Maciej Kowal,"Dec 9, 2002",1.9,left,"Jul 12, 2022","Jun 30, 2025",Goalkeeper
58,Danijel Loncar,"Jun 26, 1997",1.8,right,"Feb 10, 2023","Jun 30, 2026",Centre-Back
59,Konstantinos Triantafyllopoulos ,"Apr 3, 1993",1.8,right,"Jul 1, 2019","Jun 30, 2023", Centre-Back
60,Mariusz Malec,"Apr 4, 1995",1.9,left,"Jul 1, 2018","Jun 30, 2024",Centre-Back
61,Benedikt Zech,"Nov 3, 1990",1.8,right,"Jul 1, 2019","Jun 30, 2025",Centre-Back
62,Leonardo Koutris,"Jul 23, 1995",1.7,left,"Jan 1, 2023","Jun 30, 2026",Left-Back
63,Léo Borges,"Jan 3, 2001",1.7,left,"Jul 10, 2022","Jun 30, 2025",Left-Back
64,Linus Wahlqvist,"Nov 11, 1996",1.8,right,"Jan 1, 2023","Jun 30, 2026",Right-Back
65,Pawel Stolarski,"Jan 28, 1996",1.8,right,"Jan 1, 2021","Jun 30, 2024",Right-Back
66,Dawid Rezaeian,"Jun 26, 2002",1.7,right,"Sep 20, 2021","Jun 30, 2024",Right-Back
67,Damian Dabrowski,"Aug 27, 1992",1.7,right,"Aug 24, 2019","Jun 30, 2024",Defensive Midfield
68,Rafal Kurzawa,"Jan 29, 1993",1.8,left,"Feb 16, 2021","Jun 30, 2025",Defensive Midfield
69,Stanislaw Wawrzynowicz ,"Mar 13, 1999",1.7,both,"Jul 1, 2022","Jun 30, 2025", Defensive Midfield
70,Mateusz Legowski,"Jan 29, 2003",1.8,right,"Jan 27, 2021","Jun 30, 2025",Central Midfield
71,Kacper Smolinski ,"Feb 7, 2001",1.7,left,"Feb 21, 2019","Jun 30, 2024", Central Midfield
72,Yadegar Rostami,"Jan 2, 2004",1.8,right,"Oct 27, 2022","Jun 30, 2024",Central Midfield
73,Sebastian Kowalczyk,"Aug 22, 1998",1.7,right,"Nov 25, 2016","Jun 30, 2025",Attacking Midfield
74,Vahan Bichakhchyan,"Jul 9, 1999",1.7,left,"Jan 10, 2022","Jun 30, 2025",Attacking Midfield
75,Kacper Lukasiak,"Sep 24, 2003",1.8, ,"Mar 3, 2022","Jun 30, 2024",Attacking Midfield
76,Kamil Grosicki,"Jun 8, 1988",1.8,right,"Aug 21, 2021","Jun 30, 2024",Left Winger
77,Adrian Przyborek,"Jan 1, 2007",1.8,right,"Jan 25, 2023","Jun 30, 2025",Left Winger
78,Marcel Wedrychowski,"Jan 13, 2002",1.7,both,"Oct 17, 2018","Jun 30, 2024",Right Winger
79,Michal Kucharczyk,"Mar 20, 1991",1.7,right,"Aug 6, 2020","Jun 30, 2023",Right Winger
80,Alexander Gorgon,"Oct 28, 1988",1.8,right,"Aug 3, 2020","Jun 30, 2023",Right Winger
81,Pontus Almqvist,"Jul 10, 1999",1.8,left,"Jul 5, 2022","Jun 30, 2023",Centre-Forward
82,Luka Zahovic,"Nov 15, 1995",1.7,right,"Oct 1, 2020","Jun 30, 2025",Centre-Forward
83,Dusan Kuciak,"May 21, 1985",1.9,right,"Feb 3, 2017","Jun 30, 2024",Goalkeeper
84,Michal Buchalik,"Feb 3, 1989",1.9,right,"Jan 1, 2022","Jun 30, 2023",Goalkeeper
85,Bartlomiej Kaldunski,"Apr 16, 2005",, ,"Feb 22, 2023","Dec 31, 2025",Goalkeeper
86,Michal Nalepa,"Jan 22, 1993",1.8,right,"Jul 1, 2017","Jun 30, 2026",Centre-Back
87,Henrik Castegren,"Mar 28, 1996",1.8, ,"Feb 18, 2022","Jun 30, 2024",Centre-Back
88,Joel Abu Hanna,"Jan 22, 1998",1.8,left,"Aug 27, 2022","Jun 30, 2023",Centre-Back
89,Mario Maloca,"May 4, 1989",1.9,right,"Jul 1, 2019","Jun 30, 2023",Centre-Back
90,Rafal Pietrzak,"Jan 30, 1992",1.7,both,"Feb 20, 2020","Jun 30, 2023",Left-Back
91,Louis Poznanski,"May 24, 2001",1.8,left,"Feb 22, 2023","Dec 31, 2023",Left-Back
92,Jakub Bartkowski,"Nov 7, 1991",1.8,right,"Jan 2, 2023","Jun 30, 2025",Right-Back
93,David Stec,"May 10, 1994",1.7,right,"Jan 8, 2022","Jun 30, 2024",Right-Back
94,Filip Koperski,"Feb 24, 2004",1.8,right,"Jan 28, 2021","Jun 30, 2026",Right-Back
95,Bartosz Brzek,"Dec 1, 2005",1.7,right,"Jul 6, 2022","Jun 30, 2025",Right-Back
96,Jakub Kaluzinski,"Oct 31, 2002",1.8,both,"Feb 5, 2020","Jun 30, 2023",Defensive Midfield
97,Jaroslaw Kubicki,"Aug 7, 1995",1.8,right,"Jul 1, 2018","Jun 30, 2025",Defensive Midfield
98,Kristers Tobers,"Dec 13, 2000",1.8,right,"Aug 1, 2020","Jun 30, 2023",Defensive Midfield
99,Joeri de Kamps ,"Feb 10, 1992",1.7,left,"Aug 30, 2022","Jun 30, 2024", Defensive Midfield
100,Maciej Gajos,"Mar 19, 1991",1.7,right,"Jul 1, 2019","Jun 30, 2024",Attacking Midfield
101,Marco Terrazzino,"Apr 15, 1991",1.7,right,"Aug 10, 2021","Jun 30, 2023",Attacking Midfield
102,Conrado,"Apr 3, 1997",1.7,left,"Jan 9, 2020","Jun 30, 2024",Left Winger
103,Dominik Pila,"May 6, 2001",1.8,right,"Jul 1, 2022","Jun 30, 2025",Left Winger
104,Ilkay Durmus,"May 1, 1994",1.8,left,"Jul 1, 2021","Jun 30, 2026",Right Winger
105,Bassekou Diabaté,"Apr 15, 2000",1.8,both,"Jan 1, 2022","Jun 30, 2025",Right Winger
106,Lukasz Zwolinski,"Feb 24, 1993",1.8,right,"Feb 10, 2020","Jun 30, 2023",Centre-Forward
107,Kacper Sezonienko,"Mar 23, 2003",1.9,right,"May 27, 2020","Jun 30, 2025",Centre-Forward
108,Kevin Friesenbichler,"May 6, 1994",1.8,left,"Jan 11, 2023","Jun 30, 2025",Centre-Forward
109,Flávio Paixão,"Sep 19, 1984",1.8,right,"Feb 8, 2016","Jun 30, 2023",Centre-Forward
110,Frantisek Plach,"Mar 8, 1992",1.9,left,"Jan 10, 2018","Jun 30, 2026",Goalkeeper
111,Karol Szymanski,"Jun 25, 1993",1.9,right,"Aug 1, 2020","Jun 30, 2024",Goalkeeper
112,Bartlomiej Jelonek,"Dec 22, 2001",1.8, ,"Jul 14, 2022","Jun 30, 2023",Goalkeeper
113,Ariel Mosor,"Feb 19, 2003",1.8, ,"Jul 1, 2021","Jun 30, 2024",Centre-Back
114,Tomas Huk,"Dec 22, 1994",1.8,right,"Jul 1, 2019","Jun 30, 2025",Centre-Back
115,Jakub Czerwinski,"Aug 6, 1991",1.8,both,"Jul 1, 2018","Jun 30, 2024",Centre-Back
116,Constantin Reiner,"Jul 11, 1997",1.9,right,"Jan 17, 2022","Jun 30, 2025",Centre-Back
117,Miguel Muñoz,"Nov 22, 1996",1.8,right,"Jul 1, 2021","Jun 30, 2023",Centre-Back
118,Alexandros Katranis,"May 4, 1998",1.7,left,"Sep 1, 2021","Jun 30, 2024",Left-Back
119,Jakub Holubek,"Jan 12, 1991",1.8,left,"Jul 1, 2019","Jun 30, 2024",Left-Back
120,Arkadiusz Pyrka,"Sep 20, 2002",1.7, ,"Aug 4, 2020","Jun 30, 2024",Right-Back
121,Tomasz Mokwa,"Feb 10, 1993",1.8,right,"Aug 8, 2018","Jun 30, 2023",Right-Back
122,Piotr Liszewski,"Dec 18, 2004",1.8, ,"Oct 7, 2022","Jun 30, 2025",Right-Back
123,Patryk Dziczek,"Mar 25, 1998",1.8,right,"Aug 31, 2022","Jun 30, 2025",Defensive Midfield
124,Michal Kaput,"Feb 18, 1998",1.8,both,"Jan 5, 2022","Jun 30, 2025",Defensive Midfield
125,Tom Hateley,"Sep 12, 1989",1.8,right,"Oct 11, 2021","Jun 30, 2023",Defensive Midfield
126,Bartosz Luczak,"Mar 19, 2003",1.8, ,"Apr 15, 2022","Jun 30, 2023",Defensive Midfield
127,Szczepan Mucha,"Feb 29, 2004",1.7, ,"Jan 1, 2023","Jun 30, 2026",Defensive Midfield
128,Jakub Niedbala,"Feb 11, 2004",1.8,both,"Apr 15, 2022","Jun 30, 2024",Central Midfield
129,Grzegorz Tomasiewicz,"May 5, 1996",1.6,both,"Jul 1, 2022","Jun 30, 2024",Attacking Midfield
130,Michal Chrapek,"Apr 3, 1992",1.7,right,"Oct 10, 2020","Jun 30, 2023",Attacking Midfield
131,Jorge Félix,"Aug 22, 1991",1.7,right,"Aug 2, 2022","Jun 30, 2024",Attacking Midfield
132,Tihomir Kostadinov ,"Mar 4, 1996",1.7,right,"Jan 1, 2022","Jun 30, 2025", Attacking Midfield
133,Oskar Lesniak,"Oct 7, 2004",1.7, ,"Jul 1, 2022","Jun 30, 2025",Attacking Midfield
134,Michael Ameyaw,"Sep 16, 2000",1.7,right,"Jul 1, 2021","Jun 30, 2024",Left Winger
135,Damian Kadzior,"Jun 16, 1992",1.7,left,"Jul 19, 2021","Jun 30, 2025",Right Winger
136,Kamil Wilczek,"Jan 14, 1988",1.8,left,"Jan 31, 2022","Jun 30, 2024",Centre-Forward
137,Alex Sobczyk,"May 20, 1997",1.8,right,"Feb 9, 2023","Jun 30, 2023",Centre-Forward
138,Gabriel Kirejczyk,"Feb 12, 2003",1.9, ,"Jul 20, 2021","Jun 30, 2023",Centre-Forward
139,Bartlomiej Gradecki,"Dec 26, 1999",1.9, ,"Jul 10, 2017","Jun 30, 2025",Goalkeeper
140,Krzysztof Kaminski,"Nov 26, 1990",1.9,right,"Feb 6, 2020","Jun 30, 2024",Goalkeeper
141,Oskar Klon,"Feb 5, 2005",1.8, ,-,"Jun 30, 2023",Goalkeeper
142,Kamil Zapytowski,"Feb 21, 2004",1.8, ,-,"Jun 30, 2023",Goalkeeper
143,Oskar Lodzinski,"Jul 20, 2004",1.9, ,"Jul 12, 2022","Jun 30, 2024",Goalkeeper
144,Steve Kapuadi,"Apr 30, 1998",1.9,left,"Jul 1, 2022","Dec 31, 2023",Centre-Back
145,Martin Sulek,"Jan 15, 1998",1.7,right,"Jul 1, 2022","Dec 31, 2023",Centre-Back
146,Jakub Szymanski,"Jul 5, 2002",1.8,right,"Feb 21, 2023","Jun 30, 2024",Centre-Back
147,Adam Chrzanowski,"Mar 31, 1999",1.8,left,"Jul 1, 2022","Jun 30, 2025",Centre-Back
148,Jakub Rzezniczak,"Oct 26, 1986",1.8,right,"Jul 1, 2019","Jun 30, 2023",Centre-Back
149,Igor Drapinski,"May 31, 2004",1.8,left,"Jul 2, 2021","Jun 30, 2024",Centre-Back
150,Wojciech Mazurowski,"Mar 10, 1998",1.9,right,"Feb 16, 2023","Jun 30, 2023",Centre-Back
151,Piotr Tomasik ,"Oct 31, 1987",1.7,left,"Jul 1, 2019","Jun 30, 2023", Left-Back
152,Aleksander Pawlak,"Nov 14, 2001",1.7, ,"Jul 19, 2019","Jun 30, 2025",Right-Back
153,Filip Lesniak,"May 14, 1996",1.7,left,"Aug 1, 2020","Jun 30, 2024",Defensive Midfield
154,Dominik Furman,"Jul 6, 1992",1.8,right,"Jul 6, 2021","Jun 30, 2024",Central Midfield
155,Martin Hasek,"Oct 3, 1995",1.8,left,"Feb 28, 2023","Jun 30, 2023",Central Midfield
156,Miroslav Gono,"Nov 1, 2000",1.8, ,"Sep 2, 2022","Jun 30, 2023",Central Midfield
157,Pawel Chrupalla,"Mar 16, 2003",1.8,left,"Jan 1, 2023","Dec 31, 2023",Right Midfield
158,Rafal Wolski,"Nov 10, 1992",1.8,right,"Mar 6, 2020","Jun 30, 2025",Attacking Midfield
159,Mateusz Szwoch,"Mar 19, 1993",1.7,right,"Jul 1, 2018","Jun 30, 2024",Attacking Midfield
160,Damian Warchol,"Jul 19, 1995",1.8,both,"Jul 14, 2021","Jun 30, 2023",Attacking Midfield
161,Radoslaw Cielemecki,"Feb 19, 2003",1.7, ,"Jul 1, 2021","Jun 30, 2024",Attacking Midfield
162,Dawid Krzyzanski,"Nov 8, 2001",1.7, ,"Apr 15, 2021","Jun 30, 2023",Attacking Midfield
163,Tomasz Walczak,"Aug 17, 2005",1.8, ,"Sep 7, 2021","Jun 30, 2023",Left Winger
164,Kristian Vallo,"Jun 2, 1998",1.8,right,"Jul 1, 2021","Jun 30, 2024",Right Winger
165,Dawid Kocyla,"Jul 23, 2002",1.8, ,"Jan 1, 2020","Dec 31, 2023",Right Winger
166,Milan Kvocera,"Jan 1, 1998",1.7,right,"Jul 14, 2022","Jun 30, 2024",Right Winger
167,Dawid Zieba,"Jan 25, 2005",,both,"Feb 4, 2023","Dec 31, 2024",Right Winger
168,Marko Kolar,"May 31, 1995",1.7,right,"Jul 1, 2021","Jun 30, 2024",Centre-Forward
169,Bartosz Spiaczka,"Aug 19, 1991",1.8,right,"Feb 22, 2023","Jun 30, 2023",Centre-Forward
170,Mateusz Lewandowski,"Mar 4, 1999",1.8,right,"Aug 1, 2020","Jun 30, 2025",Centre-Forward
171,Lukasz Sekulski,"Nov 3, 1990",1.8,right,"Jul 26, 2021","Jun 30, 2025",Centre-Forward
172,Adrian Szczutowski,"Sep 12, 2000",1.9,both,"Jul 19, 2019","Jun 30, 2024",Centre-Forward
173,Gabriel Kobylak,"Feb 20, 2002",1.9,both,"Jul 1, 2022",-,Goalkeeper
174,Albert Posiadała,"Feb 25, 2003",1.9, ,"Mar 2, 2022","Jun 30, 2024",Goalkeeper
175,Pedro Justiniano,"Apr 18, 2000",1.9,right,"Jul 10, 2022","Jun 30, 2025",Centre-Back
176,Mike Cestor,"Apr 30, 1992",1.8,left,"Jan 13, 2023","Jun 30, 2024",Centre-Back
177,Raphael Rossi,"Jul 25, 1990",1.9,right,"Jul 24, 2021","Jun 30, 2024",Centre-Back
178,Mateusz Cichocki,"Jan 31, 1992",1.8,right,"Jul 1, 2019","Dec 31, 2024",Centre-Back
179,Dawid Abramowicz,"May 16, 1991",1.8,left,"Jan 29, 2021","Jun 30, 2025",Left-Back
180,Damian Jakubik,"Mar 25, 1990",1.8,right,"Jul 4, 2017","Jun 30, 2023",Right-Back
181,Filipe Nascimento ,"Jan 7, 1995",1.7,left,"Feb 21, 2021","Jun 30, 2023", Defensive Midfield
182,Thabo Cele,"Jan 15, 1997",1.7,right,"Oct 12, 2021","Jun 30, 2023",Defensive Midfield
183,Christos Donis,"Oct 9, 1994",1.8,right,"Jan 24, 2023","Jun 30, 2023",Defensive Midfield
184,Francisco Ramos,"Apr 10, 1995",1.8,right,"Jan 12, 2023","Jun 30, 2025",Defensive Midfield
185,Luizão,"Feb 20, 1998",1.8,right,"Feb 18, 2022","Jun 30, 2025",Defensive Midfield
186,Daniel Lukasik,"Apr 28, 1991",1.8,right,"Feb 11, 2022","Jun 30, 2023",Defensive Midfield
187,Jakub Nowakowski,"Oct 11, 2001",1.7, ,"Jul 1, 2018","Jun 30, 2025",Defensive Midfield
188,Kacper Pankowski,"Nov 10, 2003",1.8,both,-,"Jun 30, 2024",Defensive Midfield
189,Jozef Kolasa,"Aug 29, 2004",1.7, ,"Aug 29, 2022",-,Defensive Midfield
190,Jakub Snopczynski,"Jul 5, 2005",1.7, ,"Nov 25, 2021","Jun 30, 2023",Defensive Midfield
191,Milosz Zurawski,"Apr 17, 2006",1.9,right,"May 20, 2022","Jun 30, 2025",Defensive Midfield
192,Roberto Alves,"Jun 8, 1997",1.8,left,"Jul 1, 2022","Jun 30, 2025",Attacking Midfield
193,Frank Castañeda,"Jul 17, 1994",1.7,right,"Feb 22, 2023","Jun 30, 2024",Left Winger
194,Luís Machado,"Nov 4, 1992",1.7,right,"Jul 1, 2021","Jun 30, 2024",Left Winger
195,Berto Cayarga,"Sep 17, 1996",1.7,right,"Jan 3, 2023","Jun 30, 2025",Left Winger
196,Lisandro Semedo,"Mar 12, 1996",1.7,right,"Jul 9, 2022","Jun 30, 2024",Right Winger
197,Leândro ,"Nov 26, 1988",1.7,left,"Jul 16, 2012","Dec 31, 2024", Right Winger
198,Daniel Pik,"Jul 20, 2000",1.7,right,"Jul 1, 2022","Jun 30, 2024",Right Winger
199,Leonardo Rocha,"May 23, 1997",2.0,right,"Jan 13, 2023","Jun 30, 2026",Centre-Forward
200,Krystian Okoniewski,"Jan 24, 2005",1.8, ,"Feb 18, 2023","Jun 30, 2025",Centre-Forward
201,Jean Franco Sarmiento,"Feb 7, 1997",1.8, ,"Jan 3, 2023","Dec 31, 2024",Centre-Forward
202,Daniel Bielica,"Apr 30, 1999",1.9, ,"Mar 22, 2018","Jun 30, 2023",Goalkeeper
203,Pavel Pavlyuchenko,"Jan 1, 1998",1.9,right,"Feb 22, 2023","Jun 30, 2023",Goalkeeper
204,Pawel Sokol,"Mar 2, 2000",1.9, ,"Jul 1, 2021","Jun 30, 2023",Goalkeeper
205,Jakub Grzesiak,"Feb 22, 2003",1.9,right,"Feb 20, 2021","Jun 30, 2023",Goalkeeper
206,Kamil Soberka,"Apr 5, 2006",1.8,left,"Jan 30, 2023","Jun 30, 2024",Goalkeeper
207,Aleksander Paluszek,"Apr 9, 2001",1.9,right,"Jul 1, 2019","Jun 30, 2024",Centre-Back
208,Richard Jensen,"Mar 17, 1996",1.8,left,"Jul 20, 2022","Jun 30, 2024",Centre-Back
209,Kryspin Szczesniak,"Jan 8, 2001",1.8,both,"Aug 30, 2022","Jun 30, 2023",Centre-Back
210,Emil Bergström,"May 19, 1993",1.8,right,"Sep 27, 2022","Jun 30, 2023",Centre-Back
211,Rafal Janicki,"Jul 5, 1992",1.8,right,"Jul 16, 2021","Jun 30, 2024",Centre-Back
212,Boris Sekulic,"Oct 21, 1991",1.8,right,"Feb 17, 2023","Jun 30, 2024",Right-Back
213,Jean Jules ,"Apr 23, 1998",1.7,right,"Jul 1, 2022","Jun 30, 2024", Defensive Midfield
214,Blaz Vrhovec,"Feb 20, 1992",1.8,right,"Sep 2, 2022","Jun 30, 2023",Defensive Midfield
215,Robin Kamber,"Feb 15, 1996",1.8,right,"Aug 16, 2022","Jun 30, 2024",Defensive Midfield
216,Jonatan Kotzke,"Mar 18, 1990",1.8,right,"Jul 8, 2022","Jun 30, 2023",Defensive Midfield
217,Adrian Dziedzic,"Mar 22, 2003",1.8, ,"Jul 17, 2021","Jun 30, 2023",Defensive Midfield
218,Jakub Pochciol,"Aug 26, 2003",1.8,right,-,"Jun 30, 2023",Defensive Midfield
219,Kacper Capiga,"Feb 20, 2005",1.8,right,"Jan 30, 2023",-,Defensive Midfield
220,Damian Rasak,"Feb 8, 1996",1.8,right,"Feb 22, 2023","Jun 30, 2025",Central Midfield
221,Daisuke Yokota,"Jun 15, 2000",1.7,left,"Feb 9, 2023","Jun 30, 2024",Right Midfield
222,Norbert Wojtuszek,"Oct 5, 2001",1.8, ,"Sep 3, 2020","Jun 30, 2023",Right Midfield
223,Pawel Olkowski,"Feb 13, 1990",1.8,right,"Jul 1, 2022","Jun 30, 2024",Right Midfield
224,Erik Janza,"Jun 21, 1993",1.7,left,"Jul 1, 2019","Jun 30, 2024",Left Midfield
225,Robert Dadok,"Dec 24, 1996",1.8,right,"Jul 1, 2021","Jun 30, 2023",Attacking Midfield
226,Kanji Okunuki,"Aug 11, 1999",1.7,right,"Aug 31, 2022","Jun 30, 2023",Attacking Midfield
227,Dani Pacheco,"Jan 5, 1991",1.6,both,"Mar 10, 2022","Jun 30, 2024",Attacking Midfield
228,Lukas Podolski,"Jun 4, 1985",1.8,left,"Jul 6, 2021","Jun 30, 2023",Attacking Midfield
229,Arsen Grosu,"Apr 13, 2001",1.7,right,"Jul 17, 2021","Jun 30, 2023",Attacking Midfield
230,Nikodem Zielonka,"Aug 17, 2004",1.8, ,"Jan 31, 2022","Jun 30, 2023",Attacking Midfield
231,Szymon Wlodarczyk,"Jan 5, 2003",1.9,right,"Jul 1, 2022","Jun 30, 2025",Centre-Forward
232,Anthony van den Hurk,"Jan 9, 1993",1.8,right,"Feb 22, 2023","Jun 30, 2023",Centre-Forward
233,Piotr Krawczyk,"Dec 29, 1994",1.8,left,"Jul 1, 2019","Jun 30, 2023",Centre-Forward
234,Amadej Marosa,"Feb 7, 1994",1.7,right,"Aug 29, 2022","Jun 30, 2024",Centre-Forward
235,Mateusz Cholewiak,"Feb 5, 1990",1.8,left,"Jul 1, 2021","Jun 30, 2023",Centre-Forward
236,Krzysztof Kolanko,"Aug 3, 2006",1.6,right,"Jul 26, 2022","Jun 30, 2024",Centre-Forward
237,Karol Niemczycki,"Jul 5, 1999",1.9,left,"Aug 13, 2020","Jun 30, 2023",Goalkeeper
238,Lukas Hrosso,"Apr 19, 1987",1.9, ,"Jul 1, 2019","Jun 30, 2024",Goalkeeper
239,Sebastian Madejski,"Jan 2, 1997",1.8, ,"Sep 9, 2022","Jun 30, 2024",Goalkeeper
240,Filip Kramarz,"Jun 22, 2004",1.8, ,"Jul 20, 2021",-,Goalkeeper
241,Virgil Ghita,"Jun 4, 1998",1.8, ,"Feb 28, 2022","Jun 30, 2026",Centre-Back
242,Jakub Jugas,"May 5, 1992",1.8,right,"Jul 1, 2021","Jun 30, 2024",Centre-Back
243,Arttu Hoskonen,"Apr 16, 1997",1.8,right,"Jan 23, 2023","Jun 30, 2025",Centre-Back
244,David Jablonsky,"Oct 8, 1991",1.9,right,"Jul 1, 2019","Jun 30, 2024",Centre-Back
245,Krystian Bracik,"Mar 18, 2001",1.8, ,"May 11, 2021","Jun 30, 2024",Centre-Back
246,Oskar Wojcik,"Jul 21, 2003",1.9,right,"Aug 7, 2020","Jun 30, 2023",Centre-Back
247,Mathias Hebo Rasmussen ,"Aug 2, 1995",1.9,right,"Jul 1, 2021","Jun 30, 2024", Defensive Midfield
248,Jani Atanasov,"Oct 31, 1999",1.8,right,"Jan 23, 2023","Jun 30, 2026",Defensive Midfield
249,Takuto Oshima,"Jun 1, 1998",1.7, ,"Jul 12, 2022","Jun 30, 2024",Defensive Midfield
250,Karol Knap,"Sep 12, 2001",1.8,left,"Jul 1, 2021","Jun 30, 2026",Defensive Midfield
251,Kacper Jodlowski,"May 30, 1999",1.8, ,"Jul 14, 2022","Jun 30, 2025",Defensive Midfield
252,Robert Ozog,"Jan 8, 2000",1.7,right,"May 19, 2022","Jun 30, 2024",Central Midfield
253,Otar Kakabadze,"Jun 27, 1995",1.8,right,"Jul 1, 2021","Jun 30, 2024",Right Midfield
254,Mateusz Bochnak,"Feb 11, 1998",1.7,right,"Jan 24, 2023","Jun 30, 2025",Right Midfield
255,Cornel Rapa,"Jan 16, 1990",1.8,right,"Jul 31, 2018","Jun 30, 2024",Right Midfield
256,Michal Stachera,"Jan 18, 2001",1.7,right,"Aug 19, 2022","Jun 30, 2023",Right Midfield
257,Kamil Pestka ,"Aug 22, 1998",1.8,left,"May 31, 2017","Jun 30, 2023", Left Midfield
258,Pawel Jaroszynski,"Oct 2, 1994",1.8,left,"Aug 31, 2022","Jun 30, 2023",Left Midfield
259,Michal Siplak,"Feb 2, 1996",1.8,left,"Jul 7, 2017","Jun 30, 2023",Left Midfield
260,Patryk Zaucha,"Apr 19, 2000",1.7,left,"May 2, 2019","Jun 30, 2024",Left Midfield
261,Michal Rakoczy,"Mar 30, 2002",1.7, ,"Feb 9, 2018","Jun 30, 2027",Attacking Midfield
262,Jakub Myszor ,"Jun 7, 2002",1.7,both,"May 29, 2020","Jun 30, 2024", Attacking Midfield
263,Patryk Makuch,"Apr 11, 1999",1.8, ,"Jul 1, 2022","Jun 30, 2026",Attacking Midfield
264,Yevgen Konoplyanka,"Sep 29, 1989",1.7,right,"Feb 11, 2022","Jun 30, 2023",Attacking Midfield
265,Przemyslaw Kapek,"May 7, 2003",1.7,right,"May 29, 2020","Jun 30, 2023",Attacking Midfield
266,Marcin Budzinski,"Jul 6, 1990",1.8,right,"Aug 18, 2022","Jun 30, 2024",Attacking Midfield
267,Benjamin Källman,"Jun 17, 1998",1.8,right,"Jul 2, 2022","Jun 30, 2025",Centre-Forward
268,Sebastian Strozik,"May 15, 1999",1.9,right,"Jul 14, 2017","Jun 30, 2023",Centre-Forward
269,Kamil Ogorzaly,"Sep 5, 2000",1.7, ,"Jul 1, 2021","Jun 30, 2025",Centre-Forward
270,Kacper Smiglewski,"Jan 7, 2005",, ,"Jan 25, 2023",-,Centre-Forward
271,Kacper Tobiasz,"Nov 4, 2002",1.9,left,"Oct 7, 2020","Jun 30, 2026",Goalkeeper
272,Cezary Miszta,"Oct 30, 2001",1.9, ,"Jan 1, 2019","Jun 30, 2025",Goalkeeper
273,Dominik Hladun,"Sep 17, 1995",1.9,left,"Jul 1, 2022","Jun 30, 2026",Goalkeeper
274,Jakub Trojanowski,"Jul 15, 2001",1.9, ,"Nov 4, 2022","Jun 30, 2023",Goalkeeper
275,Maik Nawrocki,"Feb 7, 2001",1.9,both,"Jul 1, 2022","Jun 30, 2025",Centre-Back
276,Rafal Augustyniak,"Oct 14, 1993",1.8,right,"Jul 30, 2022","Jun 30, 2025",Centre-Back
277,Lindsay Rose,"Feb 8, 1992",1.8,right,"Jul 1, 2021","Jun 30, 2024",Centre-Back
278,Yuri Ribeiro,"Jan 24, 1997",1.7,left,"Aug 23, 2021","Jun 30, 2024",Centre-Back
279,Artur Jedrzejczyk,"Nov 4, 1987",1.8,right,"Jan 4, 2017","Jun 30, 2024",Centre-Back
280,Jan Ziolkowski,"Jun 5, 2005",1.9, ,"Jan 25, 2023",-,Centre-Back
281,Bartosz Slisz,"Mar 29, 1999",1.7,right,"Feb 28, 2020","Dec 31, 2024",Defensive Midfield
282,Igor Kharatin,"Feb 2, 1995",1.8,right,"Sep 1, 2021","Jun 30, 2024",Defensive Midfield
283,Patryk Sokolowski,"Sep 25, 1994",1.8, ,"Jan 6, 2022","Dec 31, 2023",Defensive Midfield
284,Jurgen Çelhaka,"Dec 6, 2000",1.8,right,"Aug 28, 2021","Jun 30, 2025",Defensive Midfield
285,Jakub Kisiel,"Feb 5, 2003",1.8, ,"Oct 7, 2020","Jun 30, 2025",Defensive Midfield
286,Filip Rejczyk,"Apr 20, 2006",1.7,right,"Jan 25, 2023","Jun 30, 2023",Central Midfield
287,Pawel Wszolek,"Apr 30, 1992",1.8,right,"Jul 7, 2022","Jun 30, 2025",Right Midfield
288,Mattias Johansson,"Feb 16, 1992",1.7,right,"Jul 1, 2021","Jun 30, 2023",Right Midfield
289,Filip Mladenovic,"Aug 15, 1991",1.8,left,"Jul 21, 2020","Jun 30, 2023",Left Midfield
290,Bartosz Kapustka,"Dec 23, 1996",1.7,right,"Aug 13, 2020","Jun 30, 2026",Attacking Midfield
291,Josué ,"Sep 17, 1990",1.7,left,"Jul 1, 2021","Jun 30, 2023", Attacking Midfield
292,Makana Baku,"Apr 8, 1998",1.7,right,"Jul 2, 2022","Jun 30, 2025",Attacking Midfield
293,Robert Pich,"Nov 12, 1988",1.7, ,"Jul 1, 2022","Jun 30, 2024",Attacking Midfield
294,Igor Strzalek,"Jan 19, 2004",1.8,both,"Feb 2, 2022","Jun 30, 2026",Attacking Midfield
295,Jakub Jedrasik,"Apr 7, 2005",1.7,both,"Jan 25, 2023","Jun 30, 2024",Attacking Midfield
296,Ernest Muci,"Mar 19, 2001",1.8,both,"Feb 23, 2021","Jun 30, 2025",Centre-Forward
297,Carlitos,"Jun 12, 1990",1.7,right,"Aug 16, 2022","Jun 30, 2024",Centre-Forward
298,Maciej Rosolek,"Sep 2, 2001",1.8,both,"Jul 5, 2019","Jun 30, 2025",Centre-Forward
299,Tomas Pekhart,"May 26, 1989",1.9,right,"Jan 30, 2023","Jun 30, 2024",Centre-Forward
300,Blaz Kramer ,"Jun 1, 1996",1.9,right,"Jul 1, 2022","Jun 30, 2025", Centre-Forward
301,Adrian Lis,"May 28, 1992",1.9,right,"Jul 1, 2017","Jun 30, 2023",Goalkeeper
302,Jedrzej Grobelny,"Jun 28, 2001",1.9, ,"Jul 1, 2021","Jun 30, 2024",Goalkeeper
303,Patryk Prange,"Jul 5, 2002",1.8, ,"Jul 19, 2021","Jun 30, 2024",Goalkeeper
304,Dimitrios Stavropoulos,"May 1, 1997",1.9,right,"Jul 5, 2022","Jun 30, 2024",Centre-Back
305,Robert Ivanov,"Sep 19, 1994",1.9,right,"Sep 1, 2020","Jun 30, 2023",Centre-Back
306,Dawid Szymonowicz,"Jul 7, 1995",1.8,right,"Oct 20, 2021","Jun 30, 2024",Centre-Back
307,Kamil Koscielny,"Aug 4, 1991",1.8,right,"Jul 1, 2022","Jun 30, 2024",Centre-Back
308,Wiktor Plesnierowicz,"Mar 29, 2001",1.8, ,"Jul 1, 2021","Jun 30, 2024",Centre-Back
309,Bartosz Kieliba,"Aug 1, 1990",1.8,right,"Jan 1, 2016","Jun 30, 2023",Centre-Back
310,Maciej Zurawski,"Dec 22, 2000",1.8,right,"Jul 20, 2022","Jun 30, 2024",Defensive Midfield
311,Niilo Mäenpää,"Jan 14, 1998",1.8,right,"Jan 1, 2022","Jun 30, 2024",Defensive Midfield
312,Mateusz Kupczak,"Feb 20, 1992",1.8,right,"Jul 17, 2019","Jun 30, 2024",Defensive Midfield
313,Michal Kopczynski,"Jun 15, 1992",1.8,both,"Aug 20, 2020","Jun 30, 2024",Defensive Midfield
314,Nikolas Korzeniecki,"Sep 26, 2001",1.8, ,"Jan 25, 2023","Jun 30, 2023",Defensive Midfield
315,Maksymilian Pogonowski,"Jan 30, 2004",, ,"Jun 30, 2022",-,Defensive Midfield
316,Jakub Paszkowski,"Sep 16, 2006",1.7, ,"Jul 29, 2022",-,Defensive Midfield
317,Jan Grzesik,"Oct 21, 1994",1.7,right,"Aug 24, 2020","Jun 30, 2023",Right Midfield
318,Konrad Matuszewski,"Oct 4, 2001",1.8,left,"Jul 15, 2021","Jun 30, 2024",Left Midfield
319,Jakub Kielb,"Jul 15, 1993",1.7,left,"Jul 29, 2016","Jun 30, 2023",Left Midfield
320,Miguel Luís,"Feb 27, 1999",1.7,right,"Jul 27, 2022","Jun 30, 2025",Attacking Midfield
321,Kajetan Szmyt,"May 29, 2002",1.7, ,"Mar 12, 2019","Jun 30, 2025",Attacking Midfield
322,Milosz Szczepanski,"Mar 22, 1998",1.6,right,"Jan 20, 2022","Jun 30, 2023",Attacking Midfield
323,Stefan Savic,"Jan 9, 1994",1.7,right,"Jan 26, 2023","Jun 30, 2023",Attacking Midfield
324,Michal Jakobowski,"Sep 8, 1992",1.7,both,"Jan 7, 2019","Jun 30, 2023",Attacking Midfield
325,Enis Destan,"Jun 15, 2002",1.8,right,"Aug 5, 2022","Jun 30, 2023",Centre-Forward
326,Adam Zrelak,"May 5, 1994",1.8,left,"Feb 11, 2021","Jun 30, 2025",Centre-Forward
327,Szymon Sarbinowski,"Mar 24, 2004",1.7, ,"Jul 14, 2022",-,Centre-Forward
328,Wiktor Kaminski,"Feb 23, 2004",1.8,right,"Feb 22, 2023","Dec 31, 2025",Centre-Forward
329,Zlatan Alomerovic,"Jun 15, 1991",1.8,right,"Jan 1, 2022","Jun 30, 2024",Goalkeeper
330,Bartlomiej Zynel,"Apr 9, 1998",1.8,left,"Aug 4, 2022","Jun 30, 2023",Goalkeeper
331,Slawomir Abramowicz,"Jun 9, 2004",1.8,left,"Aug 23, 2021","Jun 30, 2024",Goalkeeper
332,Milosz Piekutowski,"May 8, 2006",1.8,both,"Jul 15, 2022",-,Goalkeeper
333,Dusan Stojinovic,"Aug 26, 2000",1.8,right,"Jan 26, 2023","Jun 30, 2025",Centre-Back
334,Israel Puerto,"Jun 15, 1993",1.8,right,"Jul 1, 2021","Jun 30, 2023",Centre-Back
335,Milosz Matysik,"Apr 26, 2004",1.9, ,"Jan 1, 2021","Jun 30, 2024",Centre-Back
336,Mateusz Skrzypczak,"Aug 22, 2000",1.8,right,"Jul 1, 2022","Jun 30, 2024",Centre-Back
337,Michal Pazdan,"Sep 21, 1987",1.8,both,"Jul 3, 2021","Jun 30, 2023",Centre-Back
338,Michal Ozga,"Jun 23, 2000",1.8,right,"Jul 9, 2018","Jun 30, 2023",Centre-Back
339,Patryk Czerech ,"Apr 6, 2001",1.9,left,"Apr 15, 2022",-, Centre-Back
340,Bojan Nastic,"Jul 6, 1994",1.8,left,"Jan 27, 2021","Jun 30, 2024",Left-Back
341,Jakub Lewicki,"Sep 17, 2005",1.8,both,"Jul 15, 2022","Jun 30, 2025",Left-Back
342,Bartlomiej Wdowik,"Sep 25, 2000",1.8,left,"Jan 22, 2020","Jun 30, 2025",Left-Back
343,Kacper Tabis ,"Jan 31, 2000",1.7,right,"Jul 1, 2021","Jun 30, 2025", Right-Back
344,Pawel Olszewski,"Jun 7, 1999",1.7,right,"Jan 1, 2016","Jun 30, 2024",Right-Back
345,Michal Sacek,"Sep 19, 1996",1.8,right,"Feb 2, 2023","Jun 30, 2025",Defensive Midfield
346,Nené,"Jun 10, 1995",1.8,left,"Jul 1, 2022","Jun 30, 2024",Defensive Midfield
347,Taras Romanczuk,"Nov 14, 1991",1.8,left,"Jul 22, 2014","Jun 30, 2024",Defensive Midfield
348,Oliwier Wojciechowski,"Apr 5, 2005",1.7, ,"Jul 1, 2022","Jun 30, 2024",Defensive Midfield
349,Aurélien Nguiamba,"Jan 18, 1999",1.7,left,"Jan 13, 2023","Jun 30, 2023",Defensive Midfield
350,Bartosz Bernatowicz,"Feb 14, 2005",1.8,right,"Jul 15, 2022",-,Defensive Midfield
351,Jesús Imaz,"Sep 26, 1990",1.7,right,"Jan 21, 2019","Jun 30, 2025",Attacking Midfield
352,Juan Cámara,"Feb 13, 1994",1.8,left,"Jul 1, 2019","Jun 30, 2023",Attacking Midfield
353,Wojciech Laski,"May 21, 2000",1.8, ,"Jul 1, 2022","Jun 30, 2024",Attacking Midfield
354,Camilo Mena,"Oct 1, 2002",1.7,right,"Feb 14, 2023","Jun 30, 2023",Left Winger
355,Maciej Bortniczuk,"Sep 6, 2001",1.8, ,"Aug 11, 2020","Jun 30, 2024",Left Winger
356,Damian Wojdakowski,"Jun 24, 2005",1.8,right,"Sep 30, 2022","Dec 31, 2024",Left Winger
357,Tomas Prikryl,"Jul 4, 1992",1.7,right,"Jul 3, 2019","Jun 30, 2023",Right Winger
358,Tomasz Kupisz,"Jan 2, 1990",1.8,right,"Sep 2, 2022","Jun 30, 2024",Right Winger
359,Marc Gual,"Mar 13, 1996",1.8,right,"Mar 23, 2022","Jun 30, 2023",Centre-Forward
360,Bartosz Bida,"Feb 21, 2001",1.7,both,"Aug 2, 2017","Jun 30, 2023",Centre-Forward
361,Mikolaj Wasilewski,"Mar 19, 2001",1.7,right,"Jul 15, 2022",-,Centre-Forward
362,Michal Samborski,"Jan 20, 2004",, ,"Jul 2, 2021","Jun 30, 2024",Centre-Forward
363,Kacper Bieszczad,"Sep 11, 2002",1.9, ,"Mar 7, 2019","Jun 30, 2024",Goalkeeper
364,Sokratis Dioudis,"Feb 3, 1993",1.8,right,"Jan 27, 2023","Jun 30, 2023",Goalkeeper
365,Jasmin Buric,"Feb 18, 1987",1.9,right,"Jan 3, 2022","Jun 30, 2023",Goalkeeper
366,Alexander Steffen ,"Apr 6, 2004",1.8, ,"Nov 22, 2021",-, Goalkeeper
367,Szymon Weirauch,"Mar 5, 2004",1.9,right,"Jul 22, 2021","Jun 30, 2025",Goalkeeper
368,Michal Matys,"May 6, 2006",1.8, ,"Jul 12, 2022","Jun 30, 2024",Goalkeeper
369,Aleks Lawniczak,"May 5, 1999",1.8, ,"Jan 6, 2022","Jun 30, 2025",Centre-Back
370,Jaroslaw Jach,"Feb 17, 1994",1.9,left,"Jul 1, 2022","Jun 30, 2025",Centre-Back
371,Bartosz Kopacz,"May 21, 1992",1.8,right,"Jan 11, 2022","Jun 30, 2025",Centre-Back
372,Damian Oko,"Jan 22, 1997",1.9, ,"Apr 4, 2017","Jun 30, 2023",Centre-Back
373,Kamil Sobczak,"Jan 1, 2003",1.8, ,"Feb 2, 2022","Jun 30, 2023",Centre-Back
374,Kacper Lepczynski ,"Jul 18, 2001",1.9, ,"Jul 1, 2021","Jun 30, 2025", Centre-Back
375,Luís Mata,"Jul 6, 1997",1.8,left,"Feb 7, 2023","Jun 30, 2025",Left-Back
376,Mateusz Bartolewski,"Jan 12, 1998",1.8,left,"Jul 31, 2020","Jun 30, 2023",Left-Back
377,Mateusz Grzybek,"Mar 30, 1996",1.7,right,"Jan 9, 2023","Jun 30, 2026",Right-Back
378,Bartlomiej Kludka,"May 14, 2002",1.8, ,"Jul 1, 2021","Jun 30, 2024",Right-Back
379,Arkadiusz Wozniak,"Jun 1, 1990",1.8,right,"Jul 1, 2022","Jun 30, 2024",Right-Back
380,Jakub Kolan,"Aug 3, 2004",1.7, ,"Oct 18, 2022",-,Right-Back
381,Lukasz Lakomy,"Jan 18, 2001",1.8,right,"Jan 12, 2021","Jun 30, 2024",Defensive Midfield
382,Tomasz Makowski ,"Jul 19, 1999",1.8,right,"Jul 1, 2022","Jun 30, 2024", Defensive Midfield
383,Marko Poletanovic ,"Jul 20, 1993",1.8,right,"Jul 1, 2022","Jun 30, 2024", Defensive Midfield
384,Filip Kocaba,"Nov 13, 2004",1.8, ,"Feb 2, 2022","Jun 30, 2025",Defensive Midfield
385,Jakub Zubrowski,"Mar 21, 1992",1.8,right,"Jul 22, 2020","Jun 30, 2023",Defensive Midfield
386,Dawid Pakulski,"Jul 23, 1998",1.7,right,"Nov 16, 2017","Jun 30, 2023",Defensive Midfield
387,Kacper Terlecki,"Jul 31, 2005",1.8,left,"Jul 12, 2022","Jun 30, 2025",Central Midfield
388,Filip Starzynski,"May 27, 1991",1.8,right,"Jul 19, 2016","Jun 30, 2023",Attacking Midfield
389,Tomasz Pienko,"Jan 5, 2004",1.8,right,"Jul 1, 2021","Jun 30, 2024",Attacking Midfield
390,Kacper Masiak,"Jan 11, 2005",1.7, ,"Feb 2, 2022","Jun 30, 2024",Attacking Midfield
391,Damjan Bohar,"Oct 18, 1991",1.7,right,"Jul 1, 2022","Jun 30, 2024",Left Winger
392,Patryk Kusztal,"Mar 28, 2003",1.7, ,"Sep 20, 2021","Jun 30, 2024",Left Winger
393,Sasa Zivec,"Apr 2, 1991",1.7,right,"Jul 1, 2019","Jun 30, 2023",Left Winger
394,Kacper Chodyna,"May 24, 1999",1.7,right,"Feb 7, 2020","Jun 30, 2025",Right Winger
395,Tornike Gaprindashvili,"Jul 20, 1997",1.7,left,"Jul 17, 2022","Jun 30, 2025",Right Winger
396,Jakub Swierczok,"Dec 28, 1992",1.8,right,"Feb 10, 2023","Jun 30, 2023",Centre-Forward
397,Dawid Kurminowski,"Feb 24, 1999",1.8,right,"Sep 1, 2022","Jun 30, 2023",Centre-Forward
398,Rafal Adamski,"Nov 21, 2001",1.9, ,"May 5, 2022","Jun 30, 2025",Centre-Forward
399,Martin Dolezal,"May 3, 1990",1.8,right,"Jan 10, 2022","Jun 30, 2024",Centre-Forward
400,Cheikhou Dieng,"Nov 23, 1993",1.8,right,"Feb 28, 2022","Jun 30, 2024",Centre-Forward
401,Oliwier Slawinski,"Apr 15, 2005",1.8,right,"Feb 4, 2021","Dec 31, 2023",Centre-Forward
402,Bartosz Mrozek,"Feb 23, 2000",1.9,right,"May 12, 2022","Jun 30, 2023",Goalkeeper
403,Mateusz Kochalski,"Jul 25, 2000",1.9, ,"Jul 1, 2022","Jun 30, 2025",Goalkeeper
404,Mateusz Dudek,"Dec 14, 2002",1.8,right,"Jul 19, 2019","Jun 30, 2024",Goalkeeper
405,Kamil Kruk,"Mar 13, 2000",1.8, ,"Jul 3, 2022","Jun 30, 2023",Centre-Back
406,Marcin Flis ,"Feb 10, 1994",1.8,left,"Aug 18, 2020","Jun 30, 2023", Centre-Back
407,Mateusz Matras,"Jan 23, 1991",1.9,right,"Aug 20, 2020","Jun 30, 2023",Centre-Back
408,Dominykas Barauskas ,"Apr 18, 1997",1.8,left,"Jul 1, 2022","Jun 30, 2023", Centre-Back
409,Leandro,"Dec 29, 1983",1.8,left,"Jul 1, 2022","Jun 30, 2023",Centre-Back
410,Arkadiusz Kasperkiewicz,"Sep 29, 1994",1.8,right,"Jan 14, 2022","Jun 30, 2023",Defensive Midfield
411,Alex Vallejo,"Jan 16, 1992",1.9,right,"Jan 26, 2023","Jun 30, 2023",Defensive Midfield
412,Piotr Wlazlo,"Jun 3, 1989",1.8,right,"Jul 1, 2022","Jun 30, 2024",Defensive Midfield
413,Pawel Zyra,"Apr 7, 1998",1.7,both,"Jul 1, 2022","Jun 30, 2024",Defensive Midfield
414,Konrad Guca,"Aug 18, 2003",1.7, ,"Sep 21, 2021","Dec 31, 2023",Defensive Midfield
415,Michael Wyparlo,"Sep 25, 2003",1.9,right,"Jan 27, 2021","Jun 30, 2023",Defensive Midfield
416,Adrian Sobon,"Dec 20, 2002",1.7, ,"Jul 26, 2022","Jun 30, 2023",Defensive Midfield
417,Maciej Wolski,"Mar 29, 1997",1.7,right,"Jul 1, 2022","Jun 30, 2024",Right Midfield
418,Fabian Hiszpanski,"Oct 26, 1993",1.7,both,"Jul 5, 2022","Jun 30, 2023",Right Midfield
419,Krystian Getinger,"Aug 29, 1988",1.8,left,"Jul 11, 2013","Jun 30, 2023",Left Midfield
420,Fryderyk Gerbowski,"Jan 17, 2003",1.8, ,"Aug 3, 2022","Jun 30, 2023",Attacking Midfield
421,Adam Ratajczyk,"Jun 12, 2002",1.7,right,"Sep 1, 2022","Jun 30, 2023",Attacking Midfield
422,Maciej Domanski,"Sep 5, 1990",1.6,right,"Jan 29, 2020","Jun 30, 2023",Attacking Midfield
423,Koki Hinokio,"Feb 26, 2001",1.6,right,"Feb 7, 2023","Jun 30, 2025",Attacking Midfield
424,Mateusz Mak,"Nov 14, 1991",1.7,right,"Jul 30, 2019","Jun 30, 2023",Attacking Midfield
425,Bartlomiej Ciepiela,"May 24, 2001",1.8, ,"Jul 1, 2022","Jun 30, 2023",Attacking Midfield
426,Rauno Sappinen,"Jan 23, 1996",1.7,right,"Jan 24, 2023","Jun 30, 2023",Centre-Forward
427,Mikolaj Lebedynski,"Oct 14, 1990",1.8,right,"Jul 1, 2022","Jun 30, 2024",Centre-Forward
428,Rafal Leszczynski,"Apr 26, 1992",1.8,right,"Jul 1, 2022","Jun 30, 2024",Goalkeeper
429,Michal Szromnik,"Mar 4, 1993",1.9,left,"Aug 1, 2020","Jun 30, 2024",Goalkeeper
430,Maksymilian Boruc,"Nov 15, 2002",1.9,right,"Jul 1, 2021","Jun 30, 2025",Goalkeeper
431,Jozef Burta,"Sep 20, 1999",1.9, ,"Jul 2, 2021","Jun 30, 2023",Goalkeeper
432,Oskar Mielcarz,"Apr 14, 2004",1.9, ,"Jul 13, 2022","Jun 30, 2024",Goalkeeper
433,Konrad Poprawa ,"Jun 4, 1998",1.8,right,"Jul 12, 2017","Jun 30, 2025", Centre-Back
434,Daníel Leó Grétarsson,"Oct 2, 1995",1.8,left,"Jan 27, 2022","Jun 30, 2025",Centre-Back
435,Diogo Verdasca,"Oct 26, 1996",1.8,right,"Jul 1, 2021","Jun 30, 2024",Centre-Back
436,Yegor Matsenko ,"Jan 23, 2002",1.8,right,"Jul 12, 2022","Dec 31, 2024", Centre-Back
437,Mateusz Stawny,"Oct 23, 2003",1.8, ,"Oct 18, 2022","Jun 30, 2024",Centre-Back
438,Olivier Wypart,"Jan 16, 2001",1.8,left,"Dec 17, 2020","Jun 30, 2024",Centre-Back
439,Matías Nahuel,"Nov 22, 1996",1.7,right,"Jul 10, 2022","Jun 30, 2024",Defensive Midfield
440,Michal Rzuchowski,"Dec 27, 1993",1.7,right,"Jul 1, 2022","Jun 30, 2024",Defensive Midfield
441,Adrian Bukowski,"Mar 18, 2003",1.8, ,"Jan 1, 2021","Jun 30, 2026",Defensive Midfield
442,Szymon Michalski,"Mar 8, 2004",1.9,right,"Feb 2, 2022","Jun 30, 2024",Defensive Midfield
443,Filip Gryglak,"Sep 2, 2004",1.8,right,"Dec 17, 2021",-,Defensive Midfield
444,Patrick Olsen ,"Apr 23, 1994",1.7,right,"Feb 15, 2022","Jun 30, 2025", Central Midfield
445,Petr Schwarz ,"Nov 12, 1991",1.7,right,"Jul 1, 2021","Jun 30, 2023", Central Midfield
446,Lukasz Bejger,"Jan 11, 2002",1.9,right,"Jan 23, 2021","Jun 30, 2025",Right Midfield
447,Patryk Janasik,"Aug 25, 1997",1.7,right,"Aug 1, 2020","Jun 30, 2024",Right Midfield
448,Martin Konczkowski,"Sep 14, 1993",1.8,right,"Jul 1, 2022","Jun 30, 2024",Right Midfield
449,Lukasz Gerstenstein,"Oct 6, 2004",1.7,right,"Feb 24, 2023","Jun 30, 2024",Right Midfield
450,Víctor García,"May 31, 1994",1.8,left,"Jul 1, 2021","Jun 30, 2024",Left Midfield
451,Adrian Lyszczarz,"Aug 22, 1999",1.7,right,"Feb 8, 2017","Jun 30, 2023",Attacking Midfield
452,Karol Borys,"Sep 28, 2006",1.6,left,"May 20, 2022","Jun 30, 2023",Attacking Midfield
453,Piotr Samiec-Talar,"Nov 2, 2001",1.8,left,"Jul 18, 2018","Jun 30, 2024",Attacking Midfield
454,Marcel Zylla,"Jan 14, 2000",1.7,right,"Sep 8, 2020","Jun 30, 2024",Attacking Midfield
455,Przemyslaw Bargiel,"Mar 26, 2000",1.7,right,"Sep 2, 2019","Jun 30, 2024",Attacking Midfield
456,John Yeboah,"Jun 23, 2000",1.7,left,"Jul 1, 2022","Jun 30, 2025",Left Winger
457,Dennis Jastrzembski,"Feb 20, 2000",1.8,left,"Jan 25, 2022","Jun 30, 2025",Left Winger
458,Erik Expósito,"Jun 23, 1996",1.9,left,"Jul 1, 2019","Jun 30, 2024",Centre-Forward
459,Patryk Szwedzik,"Dec 2, 2001",1.8, ,"Feb 11, 2023","Jun 30, 2025",Centre-Forward
460,Caye Quintana,"Dec 20, 1993",1.8,right,"Jul 10, 2021","Jun 30, 2024",Centre-Forward
461,Jakub Lutostanski,"Sep 17, 2004",1.8, ,"Jul 1, 2022","Jun 30, 2025",Centre-Forward
462,Emmanuel Agbor,"Jun 21, 2003",, ,"Mar 7, 2023",-,Attack
463,Stefanos Kapino,"Mar 18, 1994",1.9,right,"Jan 22, 2023","Jun 30, 2023",Goalkeeper
464,Mateusz Abramowicz,"Nov 8, 1992",1.8,right,"Jul 23, 2021","Jun 30, 2024",Goalkeeper
465,Pawel Lenarcik,"Mar 21, 1995",1.9,right,"Jan 1, 2021","Jun 30, 2024",Goalkeeper
466,Alan Madalinski,"Aug 10, 2005",1.8, ,"Feb 26, 2021","Jun 30, 2024",Goalkeeper
467,Filip Chadala,"Jun 6, 2004",1.9,right,"Aug 23, 2022","Jun 30, 2025",Goalkeeper
468,Levent Gülen,"Feb 24, 1994",1.8,right,"Jul 1, 2022","Jun 30, 2024",Centre-Back
469,Jurich Carolina,"Jul 15, 1998",1.7,left,"Jul 1, 2021","Jun 30, 2024",Centre-Back
470,Nemanja Mijuskovic,"Mar 4, 1992",1.8,right,"Jul 1, 2019","Jun 30, 2024",Centre-Back
471,Andrzej Niewulis,"Apr 21, 1989",1.8,right,"Jan 23, 2023","Jun 30, 2024",Centre-Back
472,Michal Pojasek,"Jun 14, 1998",1.8,right,"Jul 15, 2021","Jun 30, 2023",Centre-Back
473,Mateusz Letkiewicz,"May 7, 2004",1.8,right,"Apr 1, 2022","Jun 30, 2024",Centre-Back
474,Santiago Naveda,"Apr 16, 2001",1.8,right,"Aug 9, 2022","Jun 30, 2023",Defensive Midfield
475,Chuca,"Jun 10, 1997",1.8,right,"Aug 27, 2021","Jun 30, 2023",Defensive Midfield
476,Maxime Dominguez,"Feb 1, 1996",1.7,left,"Jul 10, 2021","Jun 30, 2023",Defensive Midfield
477,Kamil Drygas,"Sep 7, 1991",1.8,left,"Jan 25, 2023","Jun 30, 2026",Defensive Midfield
478,Szymon Matuszek,"Jan 7, 1989",1.8,right,"Aug 4, 2020","Jun 30, 2023",Defensive Midfield
479,Damian Tront,"Oct 27, 1994",1.7, ,"Aug 11, 2020","Jun 30, 2023",Defensive Midfield
480,Korneliusz Karolczak,"Mar 12, 2004",1.7, ,"Feb 24, 2021","Jun 30, 2023",Defensive Midfield
481,Giannis Masouras,"Aug 24, 1996",1.8,right,"Jan 4, 2023","Jun 30, 2024",Right Midfield
482,Michael Kostka,"Dec 13, 2003",1.8,both,"Jul 1, 2022","Jun 30, 2025",Right Midfield
483,Dimitar Velkovski,"Jan 22, 1995",1.8,left,"Feb 14, 2023","Jun 30, 2023",Left Midfield
484,Hubert Matynia,"Nov 4, 1995",1.8,both,"Jul 1, 2022","Jun 30, 2024",Left Midfield
485,Olaf Kobacki,"Jul 10, 2001",1.7,right,"Jul 5, 2022","Jun 30, 2023",Attacking Midfield
486,Luciano Narsingh,"Sep 13, 1990",1.7,right,"Jul 20, 2022","Jun 30, 2023",Attacking Midfield
487,Koldo Obieta,"Oct 8, 1993",1.8,right,"Jul 1, 2022","Jun 30, 2024",Attacking Midfield
488,Dawid Drachal,"Jan 31, 2005",1.8,both,"Sep 1, 2022","Jun 30, 2025",Attacking Midfield
489,Blazej Szczepanek,"Mar 20, 2001",1.7,right,"Oct 28, 2022","Jun 30, 2023",Attacking Midfield
490,Igor Lewandowski,"Oct 9, 2001",1.7, ,"Sep 28, 2020",-,Attacking Midfield
491,Ángelo Henríquez ,"Apr 13, 1994",1.7,right,"Jul 1, 2022","Jun 30, 2025", Centre-Forward
492,Hubert Kwolek,"Apr 26, 2004",1.8, ,"Dec 3, 2020","Jun 30, 2023",Centre-Forward
493,Henrich Ravas,"Aug 16, 1997",1.9,right,"Mar 29, 2022","Jun 30, 2024",Goalkeeper
494,Jakub Wrabel,"Jun 8, 1996",1.9,left,"Jul 1, 2021","Jun 30, 2023",Goalkeeper
495,Vasyl Lytvynenko,"Oct 3, 1991",1.9,right,"Apr 5, 2022","Jun 30, 2023",Goalkeeper
496,Patryk Stepinski,"Jan 16, 1995",1.7,right,"Sep 1, 2020","Jun 30, 2024",Centre-Back
497,Mateusz Zyro,"Oct 28, 1998",1.8,right,"Jul 1, 2022","Jun 30, 2024",Centre-Back
498,Martin Kreuzriegler,"Jan 10, 1994",1.8,left,"Jan 25, 2022","Jun 30, 2023",Centre-Back
499,Serafin Szota,"Mar 4, 1999",1.8,right,"Jul 1, 2022","Jun 30, 2024",Centre-Back
500,Bozhidar Chorbadzhiyski,"Aug 8, 1995",1.9,both,"Jul 1, 2022","Jun 30, 2024",Centre-Back
501,Adam Debinski,"Jul 7, 2004",1.8,left,"Jul 6, 2022","Jun 30, 2024",Centre-Back
502,Dominik Kun,"Jun 22, 1993",1.7,right,"Aug 14, 2020","Jun 30, 2024",Defensive Midfield
503,Marek Hanousek,"Aug 6, 1991",1.8,right,"Feb 24, 2021","Jun 30, 2024",Defensive Midfield
504,Patryk Lipski,"Jun 12, 1994",1.8,right,"Mar 3, 2022","Jun 30, 2023",Defensive Midfield
505,Juljan Shehu,"Sep 6, 1998",1.8,right,"Jul 1, 2022","Jun 30, 2024",Defensive Midfield
506,Ignacy Dawid,"Jan 15, 2003",1.6, ,"Sep 7, 2022","Jun 30, 2024",Defensive Midfield
507,Filip Zawadzki,"Jul 1, 2004",1.7,both,"Jul 1, 2022","Jun 30, 2023",Central Midfield
508,Mato Milos,"Jun 30, 1993",1.7,right,"Aug 27, 2022","Jun 30, 2024",Right Midfield
509,Pawel Zielinski,"Jul 17, 1990",1.7,right,"Jul 1, 2021","Jun 30, 2023",Right Midfield
510,Andrejs Ciganiks,"Apr 12, 1997",1.7,both,"Jan 2, 2023","Jun 30, 2024",Left Midfield
511,Fábio Nunes,"Jul 24, 1992",1.8,left,"Jul 28, 2021","Jun 30, 2025",Left Midfield
512,Bartlomiej Pawlowski,"Nov 13, 1992",1.7,right,"Feb 1, 2022","Jun 30, 2023",Attacking Midfield
513,Juliusz Letniowski,"Apr 8, 1998",1.8,both,"Jul 1, 2022","Jun 30, 2024",Attacking Midfield
514,Ernest Terpilowski,"Sep 14, 2001",1.7,both,"Feb 25, 2022","Jun 30, 2024",Attacking Midfield
515,Kristoffer Hansen,"Aug 12, 1994",1.8,right,"Jan 21, 2022","Jun 30, 2024",Attacking Midfield
516,Jakub Sypek,"Apr 7, 2001",1.8, ,"Jul 12, 2022","Jun 30, 2025",Attacking Midfield
517,Jordi Sánchez,"Nov 11, 1994",1.9,right,"Jul 2, 2022","Jun 30, 2024",Centre-Forward
518,Lukasz Zjawinski,"Jul 11, 2001",1.9,right,"Aug 17, 2022","Jun 30, 2023",Centre-Forward
519,Mateusz Kempski,"Mar 21, 2003",1.9,both,"Sep 29, 2022","Jun 30, 2024",Centre-Forward
520,Marcel Zapytowski,"Jan 8, 2001",1.8,right,"Jan 25, 2021","Jun 30, 2024",Goalkeeper
521,Konrad Forenc,"Jul 17, 1992",1.9,left,"Jul 14, 2021","Jun 30, 2023",Goalkeeper
522,Adrian Sandach,"May 19, 2004",1.9, ,"Aug 13, 2020","Jun 30, 2023",Goalkeeper
523,Rafal Mamla,"Dec 22, 2003",1.9, ,"Aug 1, 2022","Jun 30, 2024",Goalkeeper
524,Milosz Trojak,"May 5, 1994",1.9,right,"Jul 1, 2022","Jun 30, 2024",Centre-Back
525,Kyrylo Petrov,"Jun 22, 1990",1.8,right,"Apr 6, 2022","Jun 30, 2023",Centre-Back
526,Bartosz Kwiecien,"May 7, 1994",1.8,right,"Jan 1, 2023","Jun 30, 2024",Centre-Back
527,Dominick Zator,"Sep 18, 1994",1.8,right,"Jan 1, 2023","Jun 30, 2024",Centre-Back
528,Piotr Malarczyk,"Aug 1, 1991",1.8,right,"Jul 1, 2021","Jun 30, 2024",Centre-Back
529,Radoslaw Sewerys,"Jan 10, 2004",1.9,left,"Dec 18, 2019","Jun 30, 2023",Centre-Back
530,Marius Briceag,"Apr 6, 1992",1.7,left,"Jan 25, 2023","Jun 30, 2024",Left-Back
531,Dawid Lisowski,"Jan 27, 2001",1.7,left,"Feb 4, 2020","Jun 30, 2023",Left-Back
532,Marcus Godinho,"Jun 28, 1997",1.7,right,"Jan 19, 2023","Jun 30, 2023",Right-Back
533,Adrian Danek,"Aug 1, 1994",1.8,right,"Jul 2, 2021","Jun 30, 2023",Right-Back
534,Marcin Szpakowski,"Sep 26, 2001",1.8,right,"Feb 24, 2021","Jun 30, 2024",Defensive Midfield
535,Adam Deja,"Jun 24, 1993",1.8,right,"Jul 1, 2022","Jun 30, 2024",Defensive Midfield
536,Ronaldo Deaconu,"May 13, 1997",1.8,left,"Jul 28, 2022","Jun 30, 2024",Attacking Midfield
537,Nono,"May 28, 1991",1.7,right,"Jan 1, 2023","Jun 30, 2024",Attacking Midfield
538,Dalibor Takac,"Oct 11, 1997",1.7, ,"Jan 18, 2022","Jun 30, 2024",Attacking Midfield
539,Kacper Bojanczyk,"Jan 4, 2005",1.7, ,"Feb 17, 2022","Jun 30, 2024",Attacking Midfield
540,Jakub Lukowski,"May 25, 1996",1.7,right,"Feb 26, 2021","Jun 30, 2024",Left Winger
541,Dawid Blanik,"Apr 15, 1997",1.7,right,"Sep 1, 2021","Jun 30, 2023",Left Winger
542,Jakub Konstantyn,"Jun 26, 2002",,left,"Feb 17, 2023",-,Left Winger
543,Jacek Podgorski,"Jun 23, 1996",1.8,right,"Aug 11, 2020","Jun 30, 2024",Right Winger
544,Jacek Kielb,"Jan 10, 1988",1.8,right,"Feb 6, 2020","Jun 30, 2024",Right Winger
545,Evgeniy Shikavka,"Oct 15, 1992",1.8,right,"Jan 26, 2022","Jun 30, 2023",Centre-Forward
546,Kacper Kostorz,"Aug 21, 1999",1.9,both,"Feb 17, 2023","Jun 30, 2023",Centre-Forward
547,Hubert Szulc,"Aug 27, 2004",1.8,left,"Jul 1, 2022","Jun 30, 2024",Centre-Forward
